<?xml version="1.0" encoding="UTF-8"?>
<folder exportedWithPermissions="true">
    <name>/</name>
    <label>root</label>
    <description>Root of the folder hierarchy</description>
    <creationDate>2020-06-18T22:06:44.007Z</creationDate>
    <updateDate>2019-12-06T22:47:58.124Z</updateDate>
    <folder>analysis</folder>
    <folder>ContentFiles</folder>
    <folder>datasources</folder>
    <folder>images</folder>
    <folder>reports</folder>
    <folder>themes</folder>
    <permission>
        <permissionMask>2</permissionMask>
        <recipient recipientType="role">ROLE_USER</recipient>
    </permission>
    <permission>
        <permissionMask>1</permissionMask>
        <recipient recipientType="role">ROLE_ADMINISTRATOR</recipient>
    </permission>
</folder>
