<?xml version="1.0" encoding="UTF-8"?>
<fileResource exportedWithPermissions="true" dataFile="FoodmartSchemaUpper.data">
    <folder>/analysis/schemas</folder>
    <name>FoodmartSchemaUpper</name>
    <version>0</version>
    <label>Foodmart Schema Uppercase</label>
    <description>Foodmart Analysis Schema Uppercase</description>
    <creationDate>2020-06-18T22:10:10.119Z</creationDate>
    <updateDate>2019-12-06T22:54:36.114Z</updateDate>
    <fileType>olapMondrianSchema</fileType>
</fileResource>
