<?xml version="1.0" encoding="UTF-8"?>
<fileResource exportedWithPermissions="true" dataFile="SugarCRMSchemaUpper.data">
    <folder>/analysis/schemas</folder>
    <name>SugarCRMSchemaUpper</name>
    <version>0</version>
    <label>SugarCRM Schema Uppercase</label>
    <description>SugarCRM Analysis Schema Upper Case</description>
    <creationDate>2020-06-18T22:10:10.144Z</creationDate>
    <updateDate>2019-12-06T22:54:36.173Z</updateDate>
    <fileType>olapMondrianSchema</fileType>
</fileResource>
