{"id":"2c50dfde-e275-11ea-83e9-804971108762","name":"Case Management","key":"case-management","description":"Case Management Best Practice","editorJson":{"models":[{"id":"29ea63f3-e271-11ea-83e9-804971108762","name":"Case Planning","version":1,"modelType":0,"description":"Case Planning","stencilSetId":null,"createdBy":"flowable","lastUpdatedBy":"flowable","lastUpdated":"2020-08-19T23:37:07.484+0000"},{"id":"e372e186-e271-11ea-83e9-804971108762","name":"Case Monitoring","version":1,"modelType":0,"description":"Case Monitoring","stencilSetId":null,"createdBy":"flowable","lastUpdatedBy":"flowable","lastUpdated":"2020-08-19T23:35:30.380+0000"},{"id":"b0f00398-e272-11ea-83e9-804971108762","name":"Case Evaluation and Outcomes","version":1,"modelType":0,"description":"Case Evaluation and Outcomes","stencilSetId":null,"createdBy":"flowable","lastUpdatedBy":"flowable","lastUpdated":"2020-08-19T23:30:07.489+0000"},{"id":"1c05a300-e26f-11ea-83e9-804971108762","name":"Case Identification and Assessment","version":1,"modelType":0,"description":"Case Identification (screening) and Assessment","stencilSetId":null,"createdBy":"flowable","lastUpdatedBy":"flowable","lastUpdated":"2020-08-19T23:09:43.745+0000"}],"theme":"theme-1","icon":"glyphicon-ok"}}