<?xml version="1.0" encoding="UTF-8"?>
<folder exportedWithPermissions="true">
    <parent>/analysis</parent>
    <name>connections</name>
    <label>Analysis Connections</label>
    <description>Connections used by Analysis</description>
    <creationDate>2020-06-18T22:10:08.384Z</creationDate>
    <updateDate>2019-12-06T22:54:35.888Z</updateDate>
    <resource>Foodmart</resource>
    <resource>FoodmartXmlaConnection</resource>
    <resource>SugarCRM</resource>
    <resource>SugarCRMXmlaConnection</resource>
</folder>
