<?xml version="1.0" encoding="UTF-8"?>
<xmlaConnection exportedWithPermissions="true">
    <folder>/analysis/connections</folder>
    <name>FoodmartXmlaConnection</name>
    <version>0</version>
    <label>Foodmart XML/A Connection</label>
    <description>Foodmart XML/A Connection</description>
    <creationDate>2020-06-18T22:10:09.546Z</creationDate>
    <updateDate>2019-12-06T22:54:36.371Z</updateDate>
    <connectionURL>http://localhost:8080/jasperserver/xmla</connectionURL>
    <dataSource>Provider=Mondrian;DataSource=JRS</dataSource>
    <catalog>Foodmart</catalog>
    <connectionUser>jasperadmin</connectionUser>
    <connectionPassword>ENC&lt;4A5253495600000010EE068FDBA86FC30CC0A99C6A8457DC3C2E06C0E7A1FF24AC9727E3879A9562B1&gt;</connectionPassword>
</xmlaConnection>
