<?xml version="1.0" encoding="UTF-8"?>
<mondrianConnection exportedWithPermissions="true">
    <folder>/analysis/connections</folder>
    <name>Foodmart</name>
    <version>0</version>
    <label>Foodmart</label>
    <description>Foodmart Mondrian Analysis Connection</description>
    <creationDate>2020-06-18T22:10:09.460Z</creationDate>
    <updateDate>2019-12-06T22:54:36.337Z</updateDate>
    <schema>
        <uri>/analysis/schemas/FoodmartSchema</uri>
    </schema>
    <dataSource>
        <uri>/analysis/datasources/FoodmartDataSourceJNDI</uri>
    </dataSource>
</mondrianConnection>
