<?xml version="1.0" encoding="UTF-8"?>
<mondrianConnection exportedWithPermissions="true">
    <folder>/analysis/connections</folder>
    <name>SugarCRM</name>
    <version>0</version>
    <label>SugarCRM</label>
    <description>SugarCRM Mondrian Analysis Connection: only opportunities</description>
    <creationDate>2020-06-18T22:10:09.598Z</creationDate>
    <updateDate>2019-12-06T22:54:36.410Z</updateDate>
    <schema>
        <uri>/analysis/schemas/SugarCRMSchema</uri>
    </schema>
    <dataSource>
        <uri>/analysis/datasources/SugarCRMDataSourceJNDI</uri>
    </dataSource>
</mondrianConnection>
