<?xml version="1.0" encoding="UTF-8"?>
<jdbcDataSource exportedWithPermissions="true">
    <folder>/analysis/datasources</folder>
    <name>FoodmartDataSource</name>
    <version>0</version>
    <label>Foodmart Data Source</label>
    <description>Foodmart Data Source</description>
    <creationDate>2020-06-18T22:10:09.711Z</creationDate>
    <updateDate>2019-12-06T22:54:36.203Z</updateDate>
    <driver>org.postgresql.Driver</driver>
    <connectionUrl>jdbc:postgresql://ci-catalogs-postgresql.jaspersoft.com:5432/foodmart</connectionUrl>
    <connectionUser>ci_agent</connectionUser>
    <connectionPassword>ENC&lt;4A5253495600000010EC825B2F5B829B7288258E219BC344BABFDF21C492C130E00AEBADFB102BB139&gt;</connectionPassword>
</jdbcDataSource>
