<?xml version="1.0" encoding="UTF-8"?>
<jdbcDataSource exportedWithPermissions="true">
    <folder>/datasources</folder>
    <name>postgres</name>
    <version>0</version>
    <label>postgres</label>
    <description>JDBC connection to PostgreSQL</description>
    <creationDate>2020-06-18T23:42:31.963Z</creationDate>
    <updateDate>2020-06-18T23:42:31.963Z</updateDate>
    <driver>org.postgresql.Driver</driver>
    <connectionUrl>jdbc:postgresql://postgres:5432/serendipity</connectionUrl>
    <connectionUser>admin</connectionUser>
    <connectionPassword>ENC&lt;4A525349560000001067EFDD3140E67BFE40401F9B12071E910E7C637893D574E9DD89FC7B72929F05&gt;</connectionPassword>
    <timezone></timezone>
</jdbcDataSource>
