<?xml version="1.0" encoding="UTF-8"?>
<jdbcDataSource exportedWithPermissions="true">
    <folder>/datasources</folder>
    <name>postgres</name>
    <version>0</version>
    <label>postgres</label>
    <description>JDBC connection to PostgreSQL</description>
    <creationDate>2020-06-19T05:42:24.187Z</creationDate>
    <updateDate>2020-06-18T23:42:31.963Z</updateDate>
    <driver>org.postgresql.Driver</driver>
    <connectionUrl>jdbc:postgresql://postgres:5432/serendipity</connectionUrl>
    <connectionUser>admin</connectionUser>
    <connectionPassword>ENC&lt;4A5253495600000010DF903C36517297C2C0AB7ADE1E249D4C333619CB1E04DB4467CE6303D6BCE9F7&gt;</connectionPassword>
    <timezone></timezone>
</jdbcDataSource>
