<?xml version="1.0" encoding="UTF-8"?>
<folder exportedWithPermissions="true">
    <parent>/</parent>
    <name>images</name>
    <label>Images</label>
    <description>Folder containing reusable images</description>
    <creationDate>2020-06-19T05:42:23.904Z</creationDate>
    <updateDate>2019-12-06T22:54:35.859Z</updateDate>
    <resource>JRLogo</resource>
    <resource>Serendipity_Logo</resource>
    <permission>
        <permissionMask>32</permissionMask>
        <recipient recipientType="role">ROLE_USER</recipient>
    </permission>
</folder>
