<?xml version="1.0" encoding="UTF-8"?>
<jdbcDataSource exportedWithPermissions="true">
    <folder>/datasources</folder>
    <name>JServerJdbcDS</name>
    <version>0</version>
    <label>JServer Jdbc Data Source</label>
    <description>JServer Jdbc Data Source</description>
    <creationDate>2020-06-18T22:10:09.134Z</creationDate>
    <updateDate>2019-12-06T22:54:35.847Z</updateDate>
    <driver>org.postgresql.Driver</driver>
    <connectionUrl>jdbc:postgresql://ci-catalogs-postgresql.jaspersoft.com:5432/sugarcrm</connectionUrl>
    <connectionUser>ci_agent</connectionUser>
    <connectionPassword>ENC&lt;4A52534956000000100C8AA1F899F5EE75EC3E7CDF6E6DB1A5EA544A2D010304950D77375420216906&gt;</connectionPassword>
</jdbcDataSource>
