<?xml version="1.0" encoding="UTF-8"?>
<export><property name="keyalias" value="cd340857-3d12-4779-be00-f55d35f73766"/><module id="tenants"><organization>organizations</organization></module><module id="authority"><user>jasperadmin</user><user>anonymousUser</user><user>joeuser</user><role>ROLE_ADMINISTRATOR</role><role>ROLE_USER</role><role>ROLE_ANONYMOUS</role></module><module id="repositoryResources"><folder>/</folder></module><module id="calendars"><calendar>New Years Days</calendar></module><module id="reportJobs"/><module id="accessEvents"><accessEventsCount>3</accessEventsCount></module><property name="pathProcessorId" value="zip"/><property name="rootTenantId" value="organizations"/><property name="jsVersion" value="7.5.0 CE"/><property name="encrypted" value="4A5253495600000010B0EFC16E1337106CAA79F7970FAB9CDB4E391E15E45436275CE81C34FC93D79A"/></export>