<?xml version="1.0" encoding="UTF-8"?>
<export><property name="keyalias" value="9ff1773c-82c3-45e5-8984-11d3800205ef"/><module id="tenants"><organization>organizations</organization></module><module id="authority"><user>jasperadmin</user><user>anonymousUser</user><user>joeuser</user><role>ROLE_ADMINISTRATOR</role><role>ROLE_USER</role><role>ROLE_ANONYMOUS</role></module><module id="repositoryResources"><folder>/</folder></module><module id="calendars"><calendar>New Years Days</calendar></module><module id="reportJobs"/><property name="pathProcessorId" value="zip"/><property name="rootTenantId" value="organizations"/><property name="jsVersion" value="7.5.0 CE"/><property name="encrypted" value="4A5253495600000010441CE40B7D0DE6C08186E68C17EEE2F930B94B38B55BC779A6C272D0D9ED776D"/></export>