<?xml version="1.0" encoding="UTF-8"?>
<jdbcDataSource exportedWithPermissions="true">
    <folder>/analysis/datasources</folder>
    <name>FoodmartDataSource</name>
    <version>0</version>
    <label>Foodmart Data Source</label>
    <description>Foodmart Data Source</description>
    <creationDate>2019-12-06T14:54:36.203-08:00</creationDate>
    <updateDate>2019-12-06T14:54:36.203-08:00</updateDate>
    <driver>org.postgresql.Driver</driver>
    <connectionUrl>jdbc:postgresql://ci-catalogs-postgresql.jaspersoft.com:5432/foodmart</connectionUrl>
    <connectionUser>ci_agent</connectionUser>
    <connectionPassword>ENC&lt;4A5253495600000010BB6EB891BA5FFEC9C1088AB623B5A1BE721227B2796B170C35A31DD84A050F81&gt;</connectionPassword>
</jdbcDataSource>
