<?xml version="1.0" encoding="UTF-8"?>
<export><property name="keyalias" value="9ff1773c-82c3-45e5-8984-11d3800205ef"/><module id="tenants"><organization>organizations</organization></module><module id="authority"><user>jasperadmin</user><user>anonymousUser</user><role>ROLE_ADMINISTRATOR</role><role>ROLE_USER</role><role>ROLE_ANONYMOUS</role></module><module id="repositoryResources"><folder>/</folder></module><module id="calendars"><calendar>New Years Days</calendar></module><module id="reportJobs"/><property name="pathProcessorId" value="zip"/><property name="rootTenantId" value="organizations"/><property name="jsVersion" value="7.5.0 CE"/><property name="encrypted" value="4A52534956000000108E8BBCB9D0CEAF74D4BA434274DE539372C01AFA420DB506486B91F73E503AB2"/></export>