{"id":"1c05a300-e26f-11ea-83e9-804971108762","name":"Case Identification and Assessment","key":"case-Identification-and-assessment","description":"Case Identification (screening) and Assessment","editorJson":{"modelId":"1c05a300-e26f-11ea-83e9-804971108762","bounds":{"lowerRight":{"x":1200,"y":1050},"upperLeft":{"x":0,"y":0}},"properties":{"process_id":"case-Identification-and-assessment","name":"Case Identification and Assessment","documentation":"Case Identification (screening) and Assessment","process_author":"","process_version":"","process_namespace":"http://www.flowable.org/processdef","process_historylevel":"","isexecutable":true,"dataproperties":"","executionlisteners":"","eventlisteners":"","signaldefinitions":"","messagedefinitions":"","escalationdefinitions":"","process_potentialstarteruser":"","process_potentialstartergroup":"","iseagerexecutionfetch":"false"},"childShapes":[{"resourceId":"startEvent1","properties":{"overrideid":"","name":"","documentation":"","executionlisteners":"","initiator":"","formkeydefinition":"","formreference":"","formfieldvalidation":true,"formproperties":""},"stencil":{"id":"StartNoneEvent"},"childShapes":[],"outgoing":[{"resourceId":"sid-BFE2E65F-4F33-4123-B502-635D35BDB2AA"}],"bounds":{"lowerRight":{"x":105,"y":145},"upperLeft":{"x":75,"y":115}},"dockers":[]},{"resourceId":"sid-F7C81183-B606-433B-B1A5-7257E71BF9D9","properties":{"overrideid":"","name":"Identify Client","documentation":"","asynchronousdefinition":"false","exclusivedefinition":"false","executionlisteners":"","multiinstance_type":"None","multiinstance_cardinality":"","multiinstance_collection":"","multiinstance_variable":"","multiinstance_condition":"","isforcompensation":"false","usertaskassignment":{"assignment":{"type":"idm","initiatorCanCompleteTask":true,"idm":{"type":"initiator"}}},"formkeydefinition":"","formreference":{"id":"4c0c9991-e270-11ea-83e9-804971108762","name":"Identify Client","key":"identify-client"},"formfieldvalidation":true,"duedatedefinition":"","prioritydefinition":"","formproperties":"","tasklisteners":"","skipexpression":"","categorydefinition":""},"stencil":{"id":"UserTask"},"childShapes":[],"outgoing":[{"resourceId":"sid-09A5CA8A-1A07-432A-9698-3EF727BCF6ED"}],"bounds":{"lowerRight":{"x":250,"y":170},"upperLeft":{"x":150,"y":90}},"dockers":[]},{"resourceId":"sid-BFE2E65F-4F33-4123-B502-635D35BDB2AA","properties":{"overrideid":"","name":"","documentation":"","conditionsequenceflow":"","executionlisteners":"","defaultflow":"false","skipexpression":""},"stencil":{"id":"SequenceFlow"},"childShapes":[],"outgoing":[{"resourceId":"sid-F7C81183-B606-433B-B1A5-7257E71BF9D9"}],"bounds":{"lowerRight":{"x":149.15625,"y":130},"upperLeft":{"x":105.609375,"y":130}},"dockers":[{"x":15,"y":15},{"x":50,"y":40}],"target":{"resourceId":"sid-F7C81183-B606-433B-B1A5-7257E71BF9D9"}},{"resourceId":"sid-E9CBB16E-D184-47A6-A23E-00E4A1219481","properties":{"overrideid":"","name":"","documentation":"","executionlisteners":""},"stencil":{"id":"EndNoneEvent"},"childShapes":[],"outgoing":[],"bounds":{"lowerRight":{"x":323,"y":144},"upperLeft":{"x":295,"y":116}},"dockers":[]},{"resourceId":"sid-09A5CA8A-1A07-432A-9698-3EF727BCF6ED","properties":{"overrideid":"","name":"","documentation":"","conditionsequenceflow":"","executionlisteners":"","defaultflow":"false","skipexpression":""},"stencil":{"id":"SequenceFlow"},"childShapes":[],"outgoing":[{"resourceId":"sid-E9CBB16E-D184-47A6-A23E-00E4A1219481"}],"bounds":{"lowerRight":{"x":294.375,"y":130},"upperLeft":{"x":250.390625,"y":130}},"dockers":[{"x":50,"y":40},{"x":14,"y":14}],"target":{"resourceId":"sid-E9CBB16E-D184-47A6-A23E-00E4A1219481"}}],"stencil":{"id":"BPMNDiagram"},"stencilset":{"namespace":"http://b3mn.org/stencilset/bpmn2.0#","url":"../editor/stencilsets/bpmn2.0/bpmn2.0.json"}}}