{"id":"e372e186-e271-11ea-83e9-804971108762","name":"Case Monitoring","key":"case-monitoring","description":"Case Monitoring","editorJson":{"modelId":"e372e186-e271-11ea-83e9-804971108762","bounds":{"lowerRight":{"x":1200,"y":1050},"upperLeft":{"x":0,"y":0}},"properties":{"process_id":"case-monitoring","name":"Case Monitoring","documentation":"Case Monitoring","process_author":"","process_version":"","process_namespace":"http://www.flowable.org/processdef","process_historylevel":"","isexecutable":true,"dataproperties":"","executionlisteners":"","eventlisteners":"","signaldefinitions":"","messagedefinitions":"","escalationdefinitions":"","process_potentialstarteruser":"","process_potentialstartergroup":"","iseagerexecutionfetch":"false"},"childShapes":[{"resourceId":"startEvent1","properties":{"overrideid":"","name":"","documentation":"","executionlisteners":"","initiator":"","formkeydefinition":"","formreference":"","formfieldvalidation":true,"formproperties":""},"stencil":{"id":"StartNoneEvent"},"childShapes":[],"outgoing":[{"resourceId":"sid-7EB8A1CA-956A-449E-901C-33E4021651EF"}],"bounds":{"lowerRight":{"x":130,"y":193},"upperLeft":{"x":100,"y":163}},"dockers":[]},{"resourceId":"sid-97B3CA03-2957-4DE9-BD5A-92E6E8836981","properties":{"overrideid":"","name":"Verify Client Goals","documentation":"","asynchronousdefinition":"false","exclusivedefinition":"false","executionlisteners":"","multiinstance_type":"None","multiinstance_cardinality":"","multiinstance_collection":"","multiinstance_variable":"","multiinstance_condition":"","isforcompensation":"false","usertaskassignment":{"assignment":{"type":"idm","initiatorCanCompleteTask":true,"idm":{"type":"initiator"}}},"formkeydefinition":"","formreference":{"id":"869e1474-e271-11ea-83e9-804971108762","name":"Identify Goals","key":"identify-goals"},"formfieldvalidation":true,"duedatedefinition":"","prioritydefinition":"","formproperties":"","tasklisteners":"","skipexpression":"","categorydefinition":""},"stencil":{"id":"UserTask"},"childShapes":[],"outgoing":[{"resourceId":"sid-C7ABC2F0-BF8D-4E74-9B18-EA45914FE2E0"}],"bounds":{"lowerRight":{"x":430,"y":218},"upperLeft":{"x":330,"y":138}},"dockers":[]},{"resourceId":"sid-A88A6E80-18FF-461B-B71C-1A25F3AC39FA","properties":{"overrideid":"","name":"Identify Client","documentation":"","asynchronousdefinition":"false","exclusivedefinition":"false","executionlisteners":"","multiinstance_type":"None","multiinstance_cardinality":"","multiinstance_collection":"","multiinstance_variable":"","multiinstance_condition":"","isforcompensation":"false","usertaskassignment":{"assignment":{"type":"idm","initiatorCanCompleteTask":true,"idm":{"type":"initiator"}}},"formkeydefinition":"","formreference":{"id":"4c0c9991-e270-11ea-83e9-804971108762","name":"Identify Client","key":"identify-client"},"formfieldvalidation":true,"duedatedefinition":"","prioritydefinition":"","formproperties":"","tasklisteners":"","skipexpression":"","categorydefinition":""},"stencil":{"id":"UserTask"},"childShapes":[],"outgoing":[{"resourceId":"sid-B373D971-0168-4C45-8B8D-C119C9427E94"}],"bounds":{"lowerRight":{"x":280,"y":218},"upperLeft":{"x":180,"y":138}},"dockers":[]},{"resourceId":"sid-7EB8A1CA-956A-449E-901C-33E4021651EF","properties":{"overrideid":"","name":"","documentation":"","conditionsequenceflow":"","executionlisteners":"","defaultflow":"false","skipexpression":""},"stencil":{"id":"SequenceFlow"},"childShapes":[],"outgoing":[{"resourceId":"sid-A88A6E80-18FF-461B-B71C-1A25F3AC39FA"}],"bounds":{"lowerRight":{"x":179.5859375,"y":178},"upperLeft":{"x":130.375,"y":178}},"dockers":[{"x":15,"y":15},{"x":50,"y":40}],"target":{"resourceId":"sid-A88A6E80-18FF-461B-B71C-1A25F3AC39FA"}},{"resourceId":"sid-B373D971-0168-4C45-8B8D-C119C9427E94","properties":{"overrideid":"","name":"","documentation":"","conditionsequenceflow":"","executionlisteners":"","defaultflow":"false","skipexpression":""},"stencil":{"id":"SequenceFlow"},"childShapes":[],"outgoing":[{"resourceId":"sid-97B3CA03-2957-4DE9-BD5A-92E6E8836981"}],"bounds":{"lowerRight":{"x":329.78125,"y":178},"upperLeft":{"x":280.21875,"y":178}},"dockers":[{"x":50,"y":40},{"x":50,"y":40}],"target":{"resourceId":"sid-97B3CA03-2957-4DE9-BD5A-92E6E8836981"}},{"resourceId":"sid-D3CE3913-B347-4FDD-93C3-FE2D41BB705F","properties":{"overrideid":"","name":"","documentation":"","executionlisteners":""},"stencil":{"id":"EndNoneEvent"},"childShapes":[],"outgoing":[],"bounds":{"lowerRight":{"x":508,"y":192},"upperLeft":{"x":480,"y":164}},"dockers":[]},{"resourceId":"sid-C7ABC2F0-BF8D-4E74-9B18-EA45914FE2E0","properties":{"overrideid":"","name":"","documentation":"","conditionsequenceflow":"","executionlisteners":"","defaultflow":"false","skipexpression":""},"stencil":{"id":"SequenceFlow"},"childShapes":[],"outgoing":[{"resourceId":"sid-D3CE3913-B347-4FDD-93C3-FE2D41BB705F"}],"bounds":{"lowerRight":{"x":479.640625,"y":178},"upperLeft":{"x":430.875,"y":178}},"dockers":[{"x":50,"y":40},{"x":14,"y":14}],"target":{"resourceId":"sid-D3CE3913-B347-4FDD-93C3-FE2D41BB705F"}}],"stencil":{"id":"BPMNDiagram"},"stencilset":{"namespace":"http://b3mn.org/stencilset/bpmn2.0#","url":"../editor/stencilsets/bpmn2.0/bpmn2.0.json"}}}