{"id":"29ea63f3-e271-11ea-83e9-804971108762","name":"Case Planning","key":"case-planning","description":"Case Planning","editorJson":{"modelId":"29ea63f3-e271-11ea-83e9-804971108762","bounds":{"lowerRight":{"x":1200,"y":1050},"upperLeft":{"x":0,"y":0}},"properties":{"process_id":"case-planning","name":"Case Planning","documentation":"Case Planning","process_author":"","process_version":"","process_namespace":"http://www.flowable.org/processdef","process_historylevel":"","isexecutable":true,"dataproperties":"","executionlisteners":"","eventlisteners":"","signaldefinitions":"","messagedefinitions":"","escalationdefinitions":"","process_potentialstarteruser":"","process_potentialstartergroup":"","iseagerexecutionfetch":"false"},"childShapes":[{"resourceId":"startEvent1","properties":{"overrideid":"","name":"","documentation":"","executionlisteners":"","initiator":"","formkeydefinition":"","formreference":"","formfieldvalidation":true,"formproperties":""},"stencil":{"id":"StartNoneEvent"},"childShapes":[],"outgoing":[{"resourceId":"sid-6963B39D-DBFB-4DC1-82BF-0D5273CA4231"}],"bounds":{"lowerRight":{"x":130,"y":193},"upperLeft":{"x":100,"y":163}},"dockers":[]},{"resourceId":"sid-A7E70AAE-FF9A-46BD-9DDF-399A8A5110EB","properties":{"overrideid":"","name":"Identify Goals","documentation":"","asynchronousdefinition":"false","exclusivedefinition":"false","executionlisteners":"","multiinstance_type":"None","multiinstance_cardinality":"","multiinstance_collection":"","multiinstance_variable":"","multiinstance_condition":"","isforcompensation":"false","usertaskassignment":{"assignment":{"type":"idm","initiatorCanCompleteTask":true,"idm":{"type":"initiator"}}},"formkeydefinition":"","formreference":{"id":"869e1474-e271-11ea-83e9-804971108762","name":"Identify Goals","key":"identify-goals"},"formfieldvalidation":true,"duedatedefinition":"","prioritydefinition":"","formproperties":"","tasklisteners":"","skipexpression":"","categorydefinition":""},"stencil":{"id":"UserTask"},"childShapes":[],"outgoing":[{"resourceId":"sid-3072342A-D226-43BF-B015-613D81BCC13C"}],"bounds":{"lowerRight":{"x":430,"y":215},"upperLeft":{"x":330,"y":135}},"dockers":[]},{"resourceId":"sid-E783322A-6319-48D4-A8A0-BE215606DC1A","properties":{"overrideid":"","name":"","documentation":"","executionlisteners":""},"stencil":{"id":"EndNoneEvent"},"childShapes":[],"outgoing":[],"bounds":{"lowerRight":{"x":523,"y":189},"upperLeft":{"x":495,"y":161}},"dockers":[]},{"resourceId":"sid-3072342A-D226-43BF-B015-613D81BCC13C","properties":{"overrideid":"","name":"","documentation":"","conditionsequenceflow":"","executionlisteners":"","defaultflow":"false","skipexpression":""},"stencil":{"id":"SequenceFlow"},"childShapes":[],"outgoing":[{"resourceId":"sid-E783322A-6319-48D4-A8A0-BE215606DC1A"}],"bounds":{"lowerRight":{"x":494.8984375,"y":175},"upperLeft":{"x":430.3828125,"y":175}},"dockers":[{"x":50,"y":40},{"x":14,"y":14}],"target":{"resourceId":"sid-E783322A-6319-48D4-A8A0-BE215606DC1A"}},{"resourceId":"sid-495A4547-093E-4F85-81AA-D4B3D7722BE8","properties":{"overrideid":"","name":"Identify Client","documentation":"","asynchronousdefinition":"false","exclusivedefinition":"false","executionlisteners":"","multiinstance_type":"None","multiinstance_cardinality":"","multiinstance_collection":"","multiinstance_variable":"","multiinstance_condition":"","isforcompensation":"false","usertaskassignment":{"assignment":{"type":"idm","initiatorCanCompleteTask":true,"idm":{"type":"initiator"}}},"formkeydefinition":"","formreference":{"id":"4c0c9991-e270-11ea-83e9-804971108762","name":"Identify Client","key":"identify-client"},"formfieldvalidation":true,"duedatedefinition":"","prioritydefinition":"","formproperties":"","tasklisteners":"","skipexpression":"","categorydefinition":""},"stencil":{"id":"UserTask"},"childShapes":[],"outgoing":[{"resourceId":"sid-E3949CEE-8894-4C10-8C7D-440C0EC523A7"}],"bounds":{"lowerRight":{"x":265,"y":215},"upperLeft":{"x":165,"y":135}},"dockers":[]},{"resourceId":"sid-6963B39D-DBFB-4DC1-82BF-0D5273CA4231","properties":{"overrideid":"","name":"","documentation":"","conditionsequenceflow":"","executionlisteners":"","defaultflow":"false","skipexpression":""},"stencil":{"id":"SequenceFlow"},"childShapes":[],"outgoing":[{"resourceId":"sid-495A4547-093E-4F85-81AA-D4B3D7722BE8"}],"bounds":{"lowerRight":{"x":164.78169969647763,"y":177.54813849089433},"upperLeft":{"x":130.06205030352237,"y":176.50654900910567}},"dockers":[{"x":15,"y":15},{"x":50,"y":40}],"target":{"resourceId":"sid-495A4547-093E-4F85-81AA-D4B3D7722BE8"}},{"resourceId":"sid-E3949CEE-8894-4C10-8C7D-440C0EC523A7","properties":{"overrideid":"","name":"","documentation":"","conditionsequenceflow":"","executionlisteners":"","defaultflow":"false","skipexpression":""},"stencil":{"id":"SequenceFlow"},"childShapes":[],"outgoing":[{"resourceId":"sid-A7E70AAE-FF9A-46BD-9DDF-399A8A5110EB"}],"bounds":{"lowerRight":{"x":329.37109375,"y":175},"upperLeft":{"x":265.62890625,"y":175}},"dockers":[{"x":50,"y":40},{"x":50,"y":40}],"target":{"resourceId":"sid-A7E70AAE-FF9A-46BD-9DDF-399A8A5110EB"}}],"stencil":{"id":"BPMNDiagram"},"stencilset":{"namespace":"http://b3mn.org/stencilset/bpmn2.0#","url":"../editor/stencilsets/bpmn2.0/bpmn2.0.json"}}}