<?xml version="1.0" encoding="UTF-8"?>
<mondrianXmlaDefinition exportedWithPermissions="true">
    <folder>/analysis/xmla/definitions</folder>
    <name>FoodmartXmlaDefinition</name>
    <version>0</version>
    <label>Foodmart Mondrian XMLA definition</label>
    <description>Foodmart Mondrian XMLA definition</description>
    <creationDate>2020-06-18T22:10:11.848Z</creationDate>
    <updateDate>2019-12-06T22:54:36.571Z</updateDate>
    <catalog>Foodmart</catalog>
    <mondrianConnection>
        <uri>/analysis/connections/Foodmart</uri>
    </mondrianConnection>
</mondrianXmlaDefinition>
